Data,Kraków - Aleja Krasińskiego (pył zawieszony PM2.5 [jednostka ug/m3]),Kraków - Aleja Krasińskiego (pył zawieszony PM10 [jednostka ug/m3]),Kraków - Aleja Krasińskiego (dwutlenek azotu [jednostka ug/m3]),Kraków - Aleja Krasińskiego (tlenek azotu [jednostka ug/m3]),Kraków - Aleja Krasińskiego (tlenki azotu [jednostka ug/m3]),Kraków - Aleja Krasińskiego (tlenek węgla [jednostka ug/m3]),Kraków - Aleja Krasińskiego (benzen [jednostka ug/m3])
2023-09-01T01:00:00Z,9.9,17.1,23.8,16.4,48.9,0.4,0.4
2023-09-01T02:00:00Z,11.5,18.9,26.9,16.3,52,0.4,0.4
2023-09-01T03:00:00Z,10.8,17.1,24.4,17.6,51.4,0.4,0.3
2023-09-01T04:00:00Z,10.6,18.2,21.9,22.7,56.7,0.4,0.3
2023-09-01T05:00:00Z,11.1,19.2,23.4,38.6,82.6,0.5,0.3
2023-09-01T06:00:00Z,12.6,23.7,25.2,61.7,119.7,0.5,0.6
2023-09-01T07:00:00Z,12.1,23.9,32.7,64.5,131.7,0.5,0.5
2023-09-01T08:00:00Z,15,28.5,38.7,51.6,117.7,0.5,0.6
2023-09-01T09:00:00Z,10.2,23.2,41.5,38.4,100.4,0.4,0.4
2023-09-01T10:00:00Z,7,14.7,33.7,25.3,72.5,0.4,0.4
2023-09-01T11:00:00Z,6.7,14.4,43.5,37.2,100.4,0.4,0.3
2023-09-01T12:00:00Z,7.5,14.4,37.1,22.1,70.9,0.4,0.2
2023-09-01T13:00:00Z,7.4,15.5,37.2,18.9,66.1,0.4,0.3
2023-09-01T14:00:00Z,7.2,13.8,37.4,20.7,69.1,0.4,0.2
2023-09-01T15:00:00Z,7.1,14.2,40.3,22.8,75.3,0.4,0.3
2023-09-01T16:00:00Z,7.7,15.1,49.3,25.6,88.6,0.5,0.4
2023-09-01T17:00:00Z,8.3,17.2,50.7,32.4,100.5,0.5,0.5
2023-09-01T18:00:00Z,7.9,16.1,52.9,28,95.9,0.5,0.4
2023-09-01T19:00:00Z,9.3,19,65.9,43.6,132.7,0.7,0.4
2023-09-01T20:00:00Z,11,22.6,62.7,52.8,143.6,0.8,0.8
2023-09-01T21:00:00Z,14.1,25.3,56.5,40.8,119.1,0.7,0.7
2023-09-01T22:00:00Z,15.8,27.5,51.4,41.2,114.7,0.7,0.7
2023-09-01T23:00:00Z,15.1,27,49.5,36.7,105.8,0.7,0.6
2023-09-02T00:00:00Z,12.7,19.6,44.7,35.7,99.5,0.6,0.6
2023-09-02T01:00:00Z,12.2,19.7,35.1,24.3,72.3,0.6,0.6
2023-09-02T02:00:00Z,NA,NA,NA,11.6,17,NA,0.4
2023-09-02T03:00:00Z,10.4,13.9,27.1,12.4,46.1,0.5,0.3
2023-09-02T04:00:00Z,7.2,10,22.1,7.8,34.1,0.4,0.2
2023-09-02T05:00:00Z,7.9,10.9,32.8,23.9,69.5,0.4,0.2
2023-09-02T06:00:00Z,7.8,10.4,32.4,27.2,74.1,0.5,0.3
2023-09-02T07:00:00Z,11.1,14.3,31.4,36,86.6,0.5,0.4
2023-09-02T08:00:00Z,7.5,10,32.9,27.5,75.1,0.5,0.4
2023-09-02T09:00:00Z,7.1,9.9,35.5,43.1,101.6,0.7,0.4
2023-09-02T10:00:00Z,5.4,8.3,27.9,28.1,71,0.5,0.6
2023-09-02T11:00:00Z,5.1,6.8,20.7,19.4,50.5,0.5,0.4
2023-09-02T12:00:00Z,7.6,15.6,26.9,20.9,59,0.6,0.4
2023-09-02T13:00:00Z,7,13.4,21.1,20.5,52.5,0.4,0.4
2023-09-02T14:00:00Z,5.4,10.1,25.1,16.4,50.2,0.4,0.3
2023-09-02T15:00:00Z,6.4,10.3,27.7,17.6,54.7,0.4,0.3
2023-09-02T16:00:00Z,6.9,10.7,29.7,16.9,55.7,0.4,0.3
2023-09-02T17:00:00Z,6.5,11.7,41.4,20.3,72.4,0.5,0.4
2023-09-02T18:00:00Z,8.1,13.9,55.6,30.4,102.1,0.6,0.5
2023-09-02T19:00:00Z,9.6,17.5,61.5,35.2,115.5,0.7,0.6
2023-09-02T20:00:00Z,10.7,18.1,61.5,58.1,150.6,0.8,1
2023-09-02T21:00:00Z,11.6,20.3,54.6,48,128.3,0.8,1
2023-09-02T22:00:00Z,12.1,20.5,37.4,38.4,96.2,0.7,0.8
2023-09-02T23:00:00Z,13.7,22.4,33.2,35.9,88.2,0.7,0.7
2023-09-03T00:00:00Z,13.9,21.3,25.9,26,65.7,0.6,0.6
2023-09-03T01:00:00Z,15.7,25,29,44,96.5,0.7,0.6
2023-09-03T02:00:00Z,15.4,24.3,19.5,39.8,80.6,0.6,0.6
2023-09-03T03:00:00Z,15.4,25.1,19.9,30.5,66.7,0.6,0.6
2023-09-03T04:00:00Z,16.4,24.8,15.2,15.7,39.3,0.5,0.5
2023-09-03T05:00:00Z,16.3,23.4,15.9,23,51.2,0.5,0.5
2023-09-03T06:00:00Z,15.3,21.6,16.4,38.7,75.8,0.5,0.5
2023-09-03T07:00:00Z,14.7,20.3,19.1,27.7,61.6,0.5,0.5
2023-09-03T08:00:00Z,15.1,20.4,18.4,26.8,59.5,0.5,0.5
2023-09-03T09:00:00Z,15.1,19.8,24.3,36.5,80.3,0.6,0.6
2023-09-03T10:00:00Z,13.8,17.6,23.1,26.6,63.9,0.5,0.4
2023-09-03T11:00:00Z,12.3,15.2,20.5,21.1,52.9,0.5,0.4
2023-09-03T12:00:00Z,12.5,17.7,26.5,20.6,58,0.5,0.4
2023-09-03T13:00:00Z,10.4,15,32.1,20,62.7,0.5,0.5
2023-09-03T14:00:00Z,8.9,13.2,31.6,15.3,55,0.5,0.4
2023-09-03T15:00:00Z,12.3,16.7,37.8,18.6,66.3,0.4,0.3
2023-09-03T16:00:00Z,9.3,14.2,40.8,24,77.5,0.5,0.3
2023-09-03T17:00:00Z,7.9,12.2,53.1,31.5,101.5,0.5,0.4
2023-09-03T18:00:00Z,8,12.4,56.3,31.3,104.4,0.6,0.5
2023-09-03T19:00:00Z,7.8,13,55.5,27.5,97.6,0.6,0.5
2023-09-03T20:00:00Z,8.5,14.3,52.3,21.6,85.4,0.6,0.5
2023-09-03T21:00:00Z,9.7,16.8,58.7,32.8,109.1,0.6,0.6
2023-09-03T22:00:00Z,9.7,16.3,45.6,21.8,79,0.6,0.5
2023-09-03T23:00:00Z,10,16.4,40.2,30.1,86.4,0.6,0.5
2023-09-04T00:00:00Z,9.9,16.8,34.8,20.2,65.8,0.5,0.4
2023-09-04T01:00:00Z,9.7,16.6,26.6,9.1,40.6,0.4,0.3
2023-09-04T02:00:00Z,9.9,16.3,20.9,6,30,0.3,0.2
2023-09-04T03:00:00Z,10.4,17.4,21,8.2,33.5,0.4,0.3
2023-09-04T04:00:00Z,10.9,19.1,21.8,15.2,45.1,0.3,0.2
2023-09-04T05:00:00Z,13.2,26.4,31,36.4,86.8,0.4,0.2
2023-09-04T06:00:00Z,14.9,28.2,36.3,68.9,142,0.6,0.4
2023-09-04T07:00:00Z,15,30.7,36.7,59.5,127.8,0.6,0.6
2023-09-04T08:00:00Z,20,74.8,36,46.5,107.3,0.5,0.7
2023-09-04T09:00:00Z,13.2,29.8,31.7,35.4,86,0.4,0.4
2023-09-04T10:00:00Z,13.2,32.5,26.4,25.6,65.6,0.4,0.3
2023-09-04T11:00:00Z,13.2,29.6,28.6,26.8,69.7,0.4,0.3
2023-09-04T12:00:00Z,13.9,34.7,37.8,34,89.8,0.5,0.4
2023-09-04T13:00:00Z,11.3,24.1,32.8,25.4,71.8,0.4,0.3
2023-09-04T14:00:00Z,11.8,19,33.9,19.8,64.3,0.4,0.3
2023-09-04T15:00:00Z,11.2,16,44.1,23.3,79.8,0.4,0.3
2023-09-04T16:00:00Z,10.6,15.8,41.3,18.1,69.1,0.5,0.3
2023-09-04T17:00:00Z,10.3,15.9,54.8,19,83.9,0.5,0.3
2023-09-04T18:00:00Z,8.4,15.4,58.4,23.3,94.1,0.5,0.4
2023-09-04T19:00:00Z,11.3,19.4,83.2,36,138.4,0.7,0.5
2023-09-04T20:00:00Z,13,25,70.7,48.8,145.4,0.7,0.7
2023-09-04T21:00:00Z,13.9,24.6,56.8,34.2,109.3,0.7,0.7
2023-09-04T22:00:00Z,13.4,21.8,51.6,28.7,95.7,0.6,0.6
2023-09-04T23:00:00Z,13.4,24,44.2,32.1,93.4,0.5,0.4
2023-09-05T00:00:00Z,13.8,21.8,34.7,21.3,67.4,0.6,0.5
2023-09-05T01:00:00Z,12.9,20.3,28.9,13.4,49.4,0.4,0.5
2023-09-05T02:00:00Z,12.1,19.2,23.8,10.7,40.2,0.4,0.3
2023-09-05T03:00:00Z,12.4,19,21.7,13.5,42.5,0.3,0.3
2023-09-05T04:00:00Z,12.4,20,18.9,16.3,43.9,0.4,0.3
2023-09-05T05:00:00Z,13,20.2,25,63.1,121.7,0.5,0.5
2023-09-05T06:00:00Z,13.8,24.2,24.9,71.2,134,0.5,0.5
2023-09-05T07:00:00Z,14.5,26.4,22.9,73.5,135.7,0.6,0.6
2023-09-05T08:00:00Z,17.6,34.6,43,89.8,180.6,0.7,0.8
2023-09-05T09:00:00Z,18.8,35.6,57.1,75.3,172.6,0.7,0.8
2023-09-05T10:00:00Z,23.8,47.7,61.3,57.9,149.9,0.7,1.2
2023-09-05T11:00:00Z,13.7,29.6,70.7,57.1,158.2,0.6,1.3
2023-09-05T12:00:00Z,7.9,13.9,55.9,54.2,138.9,0.5,0.5
2023-09-05T13:00:00Z,8.4,14.2,51.3,37.6,108.9,0.6,0.5
2023-09-05T14:00:00Z,7.7,13,57.4,40.8,120.1,0.5,0.4
2023-09-05T15:00:00Z,7.7,13.2,55.2,34.2,107.7,0.5,0.5
2023-09-05T16:00:00Z,8.2,13.9,69.6,48.7,144.3,0.5,0.5
2023-09-05T17:00:00Z,8.8,14.4,68.8,40,130,0.6,0.5
2023-09-05T18:00:00Z,11.5,17.7,76.4,42.9,142.1,0.7,0.6
2023-09-05T19:00:00Z,15.3,25.4,93.6,57.2,181.2,0.8,0.9
2023-09-05T20:00:00Z,19.6,38.1,96.6,125.1,288.3,1.1,1.7
2023-09-05T21:00:00Z,18.6,39.6,65.6,47.5,138.4,0.8,1.2
2023-09-05T22:00:00Z,17.6,33.3,56.2,39.1,116.3,0.7,0.9
2023-09-05T23:00:00Z,17.4,31.4,46.3,45.1,115.4,0.7,0.9
2023-09-06T00:00:00Z,15.9,25.8,38.4,22,72.2,0.6,0.8
2023-09-06T01:00:00Z,15.4,23.4,31.9,17,58.1,0.5,0.6
2023-09-06T02:00:00Z,15.3,22.2,25.9,16.7,51.5,0.5,0.5
2023-09-06T03:00:00Z,14.7,20.8,21.6,15.7,45.7,0.4,0.5
2023-09-06T04:00:00Z,15.3,22.1,21.6,19.6,51.7,0.4,0.4
2023-09-06T05:00:00Z,16.4,23.8,22.3,48.3,96.4,0.5,0.5
2023-09-06T06:00:00Z,16,25.1,22.6,63.9,120.5,0.6,0.6
2023-09-06T07:00:00Z,18.9,30.7,36,93.5,179.4,0.8,0.9
2023-09-06T08:00:00Z,38.3,57.6,46.2,94.4,190.8,0.9,1.4
2023-09-06T09:00:00Z,29.5,60.5,56,120.7,240.9,0.8,2.2
2023-09-06T10:00:00Z,18.6,40,51.3,60.6,144.3,0.6,1.6
2023-09-06T11:00:00Z,13.7,30.8,49.5,49.8,125.8,0.5,0.6
2023-09-06T12:00:00Z,11.1,22.9,52.8,41.9,117.1,0.5,0.5
2023-09-06T13:00:00Z,10.1,17.5,59.2,44.9,128,0.5,0.5
2023-09-06T14:00:00Z,12.2,25.1,65,40.9,127.8,0.6,0.6
2023-09-06T15:00:00Z,11,23.1,64,36.8,120.3,0.5,0.7
2023-09-06T16:00:00Z,10.3,21.7,87.1,54.2,170.3,0.5,0.6
2023-09-06T17:00:00Z,11.2,22.8,95.7,63.2,192.8,0.8,0.7
2023-09-06T18:00:00Z,12,23.3,92,57.6,180.2,0.7,1
2023-09-06T19:00:00Z,14,27.7,102.1,71.3,211.4,0.8,0.8
2023-09-06T20:00:00Z,16.8,34.8,91.1,78.8,211.8,1,1.2
2023-09-06T21:00:00Z,16.4,34.1,69.5,39.8,130.5,0.8,0.8
2023-09-06T22:00:00Z,17.7,36.2,56.9,46,127.4,0.8,0.8
2023-09-06T23:00:00Z,17.8,32.9,48.5,45.3,118,0.7,0.8
2023-09-07T00:00:00Z,17.1,28,39.1,28.1,82.2,0.6,0.7
2023-09-07T01:00:00Z,17,25.8,33.6,24.7,71.6,0.5,0.6
2023-09-07T02:00:00Z,NA,NA,NA,17.4,23.8,NA,0.5
2023-09-07T03:00:00Z,17.5,23.8,23.5,11.5,41.2,0.4,0.5
2023-09-07T04:00:00Z,17.8,24.8,25.6,29.1,70.1,0.5,0.5
2023-09-07T05:00:00Z,20.8,33.5,37.5,104.7,198.2,0.6,0.5
2023-09-07T06:00:00Z,23.7,38.3,36,114.9,212.2,0.7,0.8
2023-09-07T07:00:00Z,26.8,43.6,55,135.1,262.2,1,1.2
2023-09-07T08:00:00Z,37.5,70.5,54.9,79.4,176.6,0.8,1.5
2023-09-07T09:00:00Z,39.7,74.2,57.4,65.7,158.2,0.7,2.7
2023-09-07T10:00:00Z,35.7,67.3,58.4,48.7,133,0.7,2.7
2023-09-07T11:00:00Z,18.7,36,60.8,47.7,134,0.6,0.9
2023-09-07T12:00:00Z,15,28.8,58.6,39,118.3,0.6,0.7
2023-09-07T13:00:00Z,13.1,23.7,55.2,36.2,110.7,0.5,0.5
2023-09-07T14:00:00Z,12.7,23.4,62.9,39.4,123.2,0.5,0.5
2023-09-07T15:00:00Z,13.2,25.8,66.8,37.8,124.8,0.5,0.6
2023-09-07T16:00:00Z,12.5,24.6,62.4,35.9,117.3,0.5,0.5
2023-09-07T17:00:00Z,13.3,23.5,69.5,44.4,137.5,0.5,0.4
2023-09-07T18:00:00Z,15.8,28.8,80.1,43.7,147.1,0.6,0.5
2023-09-07T19:00:00Z,17.1,31.9,89.1,50.4,166.5,0.7,0.6
2023-09-07T20:00:00Z,23,40.3,100.6,98.7,252,1.3,1.3
2023-09-07T21:00:00Z,25.4,47.2,86.4,118.9,268.9,1.3,2.5
2023-09-07T22:00:00Z,25.6,45.3,76.3,99.5,229,1.1,1.7
2023-09-07T23:00:00Z,28.1,43.7,58.7,52.6,139.3,0.8,0.9
2023-09-08T00:00:00Z,22,34.7,45,38.5,104,0.8,1.1
2023-09-08T01:00:00Z,21,30.6,39,24.8,77,0.6,0.9
2023-09-08T02:00:00Z,23.4,31.8,42.6,44.1,110.3,0.6,0.7
2023-09-08T03:00:00Z,25.7,34.7,35.2,26.9,76.5,0.5,0.7
2023-09-08T04:00:00Z,24.4,31.4,30,34.7,83.2,0.5,0.6
2023-09-08T05:00:00Z,24.8,33.5,32.8,78.6,153.3,0.6,0.7
2023-09-08T06:00:00Z,43.4,58.6,47.5,103.6,206.2,0.9,1.4
2023-09-08T07:00:00Z,57,82.2,45.1,93.6,188.5,0.8,1.5
2023-09-08T08:00:00Z,50,90.1,51.9,105.8,214,0.8,2
2023-09-08T09:00:00Z,39.3,65.2,51.6,86.8,184.6,0.7,2.4
2023-09-08T10:00:00Z,27.1,41.8,51.6,53.9,134.3,0.6,1.5
2023-09-08T11:00:00Z,24.2,45.1,64.4,55.4,149.4,0.7,1.3
2023-09-08T12:00:00Z,18.8,37.7,72.4,64.2,170.9,0.6,1.3
2023-09-08T13:00:00Z,17.1,28.2,62.7,44.8,131.4,0.7,0.9
2023-09-08T14:00:00Z,15.7,24.3,72.9,50.8,151,0.5,0.6
2023-09-08T15:00:00Z,14.7,23.2,70,35.3,124.1,0.6,0.5
2023-09-08T16:00:00Z,15.3,24.3,85.8,66.1,187,0.8,0.6
2023-09-08T17:00:00Z,15.4,26.7,95.4,70.2,202.9,0.6,0.6
2023-09-08T18:00:00Z,16.1,25.6,95.3,69.9,202.5,0.7,0.7
2023-09-08T19:00:00Z,20.4,34,99.6,93.1,242.4,1,1.2
2023-09-08T20:00:00Z,25.6,41.6,80.5,77.2,198.9,0.9,1.3
2023-09-08T21:00:00Z,25.6,49.3,67.7,80.6,191.2,1,1.3
2023-09-08T22:00:00Z,25.4,42.8,58.1,79.2,179.6,1,1.4
2023-09-08T23:00:00Z,26,41.4,51,61.3,145.1,0.9,1
2023-09-09T00:00:00Z,24.3,34.4,43.9,38.7,103.3,0.8,0.8
2023-09-09T01:00:00Z,24.2,33.4,37.1,26,77,0.6,0.8
2023-09-09T02:00:00Z,24.8,33.7,30.9,23,66.1,0.6,0.6
2023-09-09T03:00:00Z,23.9,30,26.8,19.3,56.4,0.5,0.6
2023-09-09T04:00:00Z,24.7,31.9,24.2,24.3,61.3,0.5,0.5
2023-09-09T05:00:00Z,23.6,31,21.7,30.6,68.6,0.5,0.6
2023-09-09T06:00:00Z,24.2,33.3,25.1,47.4,97.8,0.5,0.6
2023-09-09T07:00:00Z,29.8,40.6,25.9,49.9,102.4,0.5,0.6
2023-09-09T08:00:00Z,31.1,41.7,35.3,79.4,157,0.7,0.8
2023-09-09T09:00:00Z,39.9,51.8,51.3,69.5,158,0.8,1.2
2023-09-09T10:00:00Z,37.9,50.3,55.5,58.3,144.9,0.7,1.4
2023-09-09T11:00:00Z,24.4,35.1,49.3,34,101.5,0.6,1.9
2023-09-09T12:00:00Z,17.9,26.3,54.1,37.1,111,0.5,0.5
2023-09-09T13:00:00Z,18,25.8,62.6,37.2,119.6,0.6,0.6
2023-09-09T14:00:00Z,16.4,22.4,54.1,25.2,92.5,0.5,0.6
2023-09-09T15:00:00Z,17.3,23.9,70.1,34.2,122.5,0.6,0.5
2023-09-09T16:00:00Z,17.2,23.6,67.7,28.9,112,0.5,0.6
2023-09-09T17:00:00Z,17,24.7,70.8,31.3,119,0.7,0.6
2023-09-09T18:00:00Z,18.3,25.4,70.9,26,110.8,0.7,0.6
2023-09-09T19:00:00Z,25.6,36.4,88.9,46.5,160.2,0.9,1.2
2023-09-09T20:00:00Z,34.3,49,91.8,46.1,162.4,1,1.3
2023-09-09T21:00:00Z,47.2,64.2,89.8,104,249.4,1.3,2.1
2023-09-09T22:00:00Z,38.1,51,66.6,56.2,152.8,0.9,1.6
2023-09-09T23:00:00Z,37.1,51.7,57.6,47.2,130,0.9,1.3
2023-09-10T00:00:00Z,36.9,47.1,48.8,38.9,108.4,0.8,1.1
2023-09-10T01:00:00Z,35.6,43.5,39.7,40.5,101.8,0.8,1
2023-09-10T02:00:00Z,35.5,42.5,33.9,34,86,0.7,1
2023-09-10T03:00:00Z,34.8,41.3,30.3,36.4,86.1,0.7,1
2023-09-10T04:00:00Z,34.1,40.9,23.6,21.9,57.2,0.6,0.8
2023-09-10T05:00:00Z,34.5,40.3,22.2,33,72.7,0.6,0.8
2023-09-10T06:00:00Z,31.8,39,20.4,31.5,68.6,0.5,0.8
2023-09-10T07:00:00Z,32.2,40.7,23.2,44.1,90.8,0.6,0.7
2023-09-10T08:00:00Z,39.6,49.8,33,51.6,112.1,0.7,0.7
2023-09-10T09:00:00Z,43.5,53.2,30.7,35.6,85.3,0.7,1.1
2023-09-10T10:00:00Z,35.1,44.4,39,34.9,92.7,0.6,1.2
2023-09-10T11:00:00Z,24,30.8,44.9,24.8,83,0.6,0.7
2023-09-10T12:00:00Z,22.2,28.8,47.2,19.2,76.6,0.6,1
2023-09-10T13:00:00Z,17.4,24.4,41,16.3,65.9,0.5,0.4
2023-09-10T14:00:00Z,14.4,22,38.3,14.9,61.2,0.5,0.3
2023-09-10T15:00:00Z,14.7,20.8,45.3,14.1,66.9,0.5,0.3
2023-09-10T16:00:00Z,14.7,20.7,51.3,15.2,74.6,0.5,0.5
2023-09-10T17:00:00Z,17,23.4,87.4,32.5,137,0.9,0.5
2023-09-10T18:00:00Z,18.5,27.2,107.8,50.1,184.5,1.1,1
2023-09-10T19:00:00Z,19.5,30.4,95,59.5,186.2,1,0.9
2023-09-10T20:00:00Z,23.8,38.4,91,83.8,219.4,1.1,1.6
2023-09-10T21:00:00Z,23.9,37.4,66.5,45.1,135.7,0.9,0.9
2023-09-10T22:00:00Z,23.2,36.9,54.8,60.6,147.7,0.9,1
2023-09-10T23:00:00Z,22.7,34.9,46.1,37.6,103.8,0.7,0.8
2023-09-11T00:00:00Z,21.3,31.1,35.9,16.9,61.9,0.6,0.6
2023-09-11T01:00:00Z,20.6,31.6,27.9,18.4,56,0.5,0.6
2023-09-11T02:00:00Z,20.3,29.5,21,13.7,42.1,0.5,0.5
2023-09-11T03:00:00Z,20.3,29.2,21.9,14.6,44.3,0.4,0.5
2023-09-11T04:00:00Z,19.7,28.5,20.4,26.5,61.1,0.4,0.5
2023-09-11T05:00:00Z,20.1,29.1,21.7,42.5,86.8,0.5,0.5
2023-09-11T06:00:00Z,19.7,30,25.2,103.4,183.7,0.8,0.7
2023-09-11T07:00:00Z,22.2,35,25.2,77.4,143.9,0.6,0.8
2023-09-11T08:00:00Z,23.3,42,38.8,92.3,180.3,0.7,0.8
2023-09-11T09:00:00Z,19.9,37.5,46.3,45.1,115.6,0.5,0.6
2023-09-11T10:00:00Z,18.4,33.3,46.4,30.8,93.6,0.5,0.4
2023-09-11T11:00:00Z,17.2,34,45.2,21,77.4,0.5,0.3
2023-09-11T12:00:00Z,17.3,32.5,41,14.8,63.8,0.4,0.4
2023-09-11T13:00:00Z,16.6,32.4,41.1,14.2,62.9,0.4,0.5
2023-09-11T14:00:00Z,15.8,28.5,43.4,15.2,66.6,0.4,0.4
2023-09-11T15:00:00Z,16.1,27.7,46.2,14.2,67.9,0.5,0.4
2023-09-11T16:00:00Z,17.6,29,51.6,15,74.7,0.5,0.4
2023-09-11T17:00:00Z,17.9,32.7,83.8,24.2,120.9,0.6,0.4
2023-09-11T18:00:00Z,19.9,36.5,112.5,42.6,177.8,0.9,0.7
2023-09-11T19:00:00Z,22.5,44.9,106.1,61.9,201,0.9,1.1
2023-09-11T20:00:00Z,22.5,42.5,91,41.8,155,0.8,1.1
2023-09-11T21:00:00Z,23.2,39.7,71.1,28.2,114.2,0.7,0.7
2023-09-11T22:00:00Z,25.4,41.8,56.9,27,98.2,0.7,0.7
2023-09-11T23:00:00Z,27.2,42.2,46.5,22.9,81.7,0.6,0.6
2023-09-12T00:00:00Z,28.9,45.3,37.5,12,56,0.6,0.5
2023-09-12T01:00:00Z,29.1,46,33.6,16.7,59.2,0.6,0.5
2023-09-12T02:00:00Z,NA,NA,NA,29.6,44.2,NA,0.5
2023-09-12T03:00:00Z,30,42.4,21.3,9,35.2,0.5,0.5
2023-09-12T04:00:00Z,29.6,41.6,21.8,22,55.4,0.5,0.5
2023-09-12T05:00:00Z,29.8,42.5,24.3,37.3,81.5,0.5,0.5
2023-09-12T06:00:00Z,30.7,44.9,29.2,79.7,151.4,0.7,0.6
2023-09-12T07:00:00Z,33.1,50,36.9,91.7,177.5,0.7,0.9
2023-09-12T08:00:00Z,34.2,54.2,39.4,68.9,144.9,0.7,0.7
2023-09-12T09:00:00Z,28.2,47,44.5,49.9,120.9,0.6,0.7
2023-09-12T10:00:00Z,25.4,43.6,50.8,30.9,98.3,0.6,0.6
2023-09-12T11:00:00Z,25,41.9,53,24.2,90.2,0.6,0.5
2023-09-12T12:00:00Z,21.5,35.2,50.7,17.5,77.5,0.5,0.4
2023-09-12T13:00:00Z,19,32.5,41.1,13.3,61.5,0.4,0.3
2023-09-12T14:00:00Z,18.7,32.6,44.1,14.6,66.5,0.5,0.3
2023-09-12T15:00:00Z,18.9,31.3,46.7,14.3,68.6,0.5,0.3
2023-09-12T16:00:00Z,19.3,32.4,53.2,13.8,74.4,0.5,0.3
2023-09-12T17:00:00Z,20.3,34.7,77.7,18.8,106.5,0.6,0.4
2023-09-12T18:00:00Z,21.9,37,103.8,32.3,153.3,0.8,0.6
2023-09-12T19:00:00Z,26.9,49.7,130.9,115.9,308.8,1.5,1.7
2023-09-12T20:00:00Z,27.5,51.3,94.4,50.1,171.2,0.9,1.6
2023-09-12T21:00:00Z,28.6,47.5,68.4,26.8,109.4,0.8,0.9
2023-09-12T22:00:00Z,29.9,46.4,57.9,25.5,97,0.7,0.7
2023-09-12T23:00:00Z,32.4,48,45.3,15.6,69.3,0.6,0.6
2023-09-13T00:00:00Z,31.7,45.8,37,12.8,56.7,0.6,0.6
2023-09-13T01:00:00Z,31.2,43.4,32.1,16.2,56.9,0.6,0.6
2023-09-13T02:00:00Z,30.9,42.7,28.5,20.4,59.7,0.5,0.6
2023-09-13T03:00:00Z,31.2,41.7,27.1,19.8,57.5,0.5,0.6
2023-09-13T04:00:00Z,31.5,43.1,24.9,13,44.8,0.4,0.5
2023-09-13T05:00:00Z,29.5,40.1,30.4,40.6,92.7,0.5,0.5
2023-09-13T06:00:00Z,31.1,46.1,32.8,56.3,119.1,0.6,0.6
2023-09-13T07:00:00Z,32.2,54.6,33.9,46.4,105.1,0.6,0.7
2023-09-13T08:00:00Z,31,51,47.6,55.5,132.7,0.7,0.7
2023-09-13T09:00:00Z,29.1,51.8,60.7,58.1,149.8,0.7,0.7
2023-09-13T10:00:00Z,26.3,53.6,52.6,34.8,105.9,0.5,0.5
2023-09-13T11:00:00Z,25.6,50.4,47.8,19,76.8,0.5,0.4
2023-09-13T12:00:00Z,25.3,50.5,51.9,20.2,82.7,0.5,0.4
2023-09-13T13:00:00Z,24.7,52.9,50.2,17.3,76.7,0.5,0.4
2023-09-13T14:00:00Z,21.9,40.4,41.4,14.4,63.6,0.5,0.3
2023-09-13T15:00:00Z,20.3,35.7,52.5,15.9,76.8,0.5,0.3
2023-09-13T16:00:00Z,20.5,36.8,55.2,13.9,76.5,0.5,0.4
2023-09-13T17:00:00Z,23.1,44.9,102.9,32.5,152.7,0.7,0.5
2023-09-13T18:00:00Z,25.2,46.7,124.9,64.4,223.6,1,0.8
2023-09-13T19:00:00Z,28.4,53.9,89.7,36.3,145.4,0.8,1.1
2023-09-13T20:00:00Z,30.8,54.2,86.5,58.7,176.6,1,0.8
2023-09-13T21:00:00Z,34.7,55.7,72.4,39.7,133.1,0.9,1
2023-09-13T22:00:00Z,37.1,57.6,51.9,26,91.7,0.6,0.7
2023-09-13T23:00:00Z,21.2,35.5,30.1,9.2,44.3,0.5,0.5
2023-09-14T00:00:00Z,14.9,25.1,22.7,5,30.4,0.5,0.4
2023-09-14T01:00:00Z,15.1,21.7,18.4,4.5,25.2,0.4,0.3
2023-09-14T02:00:00Z,14.9,19.6,14.5,3.9,20.4,0.3,0.2
2023-09-14T03:00:00Z,13.3,16.9,9.9,3.2,14.8,0.3,0.1
2023-09-14T04:00:00Z,10.6,14.1,19.7,6.8,30.2,0.4,0.1
2023-09-14T05:00:00Z,7.3,10.3,36.8,15.7,60.9,0.4,0.2
2023-09-14T06:00:00Z,8.2,14.9,53.1,39.5,113.6,0.5,0.2
2023-09-14T07:00:00Z,7.2,11.8,52.6,37.6,110.3,0.6,0.5
2023-09-14T08:00:00Z,9.4,13.3,39.8,31.6,88.2,0.5,0.3
2023-09-14T09:00:00Z,9.1,14.3,47.1,41,109.9,0.5,0.3
2023-09-14T10:00:00Z,6.5,14.6,44.4,28,87.4,0.4,0.2
2023-09-14T11:00:00Z,5.4,12,44.8,34.7,98,0.4,0.3
2023-09-14T12:00:00Z,5.9,12.3,44,36.8,100.5,0.5,0.2
2023-09-14T13:00:00Z,6.9,12.7,36.3,23.8,72.7,0.4,0.2
2023-09-14T14:00:00Z,8.8,14.6,41.5,26.1,81.6,0.4,0.3
2023-09-14T15:00:00Z,8.9,14.7,39.1,27.3,81.1,0.4,0.3
2023-09-14T16:00:00Z,8.1,14.8,49.5,29.5,94.8,0.5,0.3
2023-09-14T17:00:00Z,8.2,16.4,57.1,39.4,117.5,0.5,0.5
2023-09-14T18:00:00Z,6.3,11.3,47.9,32.2,97.3,0.5,0.4
2023-09-14T19:00:00Z,6.9,12.1,48,25.7,87.4,0.5,0.4
2023-09-14T20:00:00Z,7.9,14.5,50.7,34.4,103.5,0.6,0.4
2023-09-14T21:00:00Z,7.8,13.4,46.4,34,98.6,0.6,0.5
2023-09-14T22:00:00Z,7.6,13.4,32.4,17.9,59.9,0.4,0.4
2023-09-14T23:00:00Z,7.7,13.3,38.5,26.3,78.8,0.5,0.4
2023-09-15T00:00:00Z,7.3,12.7,27.1,13.3,47.4,0.4,0.4
2023-09-15T01:00:00Z,7.2,11.2,23.9,9.2,38.1,0.4,0.2
2023-09-15T02:00:00Z,6.8,10,18.5,7.6,30.2,0.3,0.2
2023-09-15T03:00:00Z,6.8,10.8,15,5.5,23.4,0.3,0.2
2023-09-15T04:00:00Z,7.5,11.5,19.6,12.9,39.5,0.3,0.2
2023-09-15T05:00:00Z,9,15.8,40,70.8,148.5,0.5,0.2
2023-09-15T06:00:00Z,10.3,18.5,49.5,97.8,199.4,0.6,0.4
2023-09-15T07:00:00Z,10.4,20.1,47,85.9,179,0.8,0.8
2023-09-15T08:00:00Z,10.9,23,48.2,70.7,156.3,0.6,0.8
2023-09-15T09:00:00Z,8.7,18.3,45.7,57.7,134.1,0.5,0.7
2023-09-15T10:00:00Z,8.6,19.8,41.9,49.5,117.9,0.4,0.5
2023-09-15T11:00:00Z,6.5,15,42.7,41.1,105.8,0.5,0.5
2023-09-15T12:00:00Z,5.7,12.1,49.7,46.1,120.5,0.5,0.4
2023-09-15T13:00:00Z,6.3,13.5,47.9,45.7,117.8,0.5,0.5
2023-09-15T14:00:00Z,7.1,15.3,48.7,40.4,110.7,0.4,0.4
2023-09-15T15:00:00Z,6.7,13.8,60.1,55.5,145.2,0.5,0.6
2023-09-15T16:00:00Z,7.1,14.7,65.6,49.8,142,0.5,0.5
2023-09-15T17:00:00Z,6.4,13.5,60.7,40.2,122.3,0.5,0.5
2023-09-15T18:00:00Z,6.7,14.6,59.3,32.7,109.4,0.5,0.4
2023-09-15T19:00:00Z,9.4,19.8,70.6,40.9,133.3,0.7,0.7
2023-09-15T20:00:00Z,14,25.7,69.1,51,147.3,0.7,0.9
2023-09-15T21:00:00Z,14.6,27,69.4,50.1,146.2,0.7,1.5
2023-09-15T22:00:00Z,14,23.8,44.6,17.3,71.1,0.5,0.6
2023-09-15T23:00:00Z,12.6,21.7,39.2,19.1,68.4,0.5,0.4
2023-09-16T00:00:00Z,20.4,37.3,37.7,12.7,57.1,0.5,1.6
2023-09-16T01:00:00Z,20,33.2,33.7,12.1,52.3,0.6,1.9
2023-09-16T02:00:00Z,19.7,31.3,29.3,8.8,42.8,0.5,2.3
2023-09-16T03:00:00Z,16.9,24.7,25,8.2,37.5,0.4,1.3
2023-09-16T04:00:00Z,15.6,21.5,27.9,9.1,41.8,0.4,0.8
2023-09-16T05:00:00Z,17,22.8,29,21.7,62.3,0.4,0.5
2023-09-16T06:00:00Z,17.4,24,31.5,28,74.4,0.4,0.7
2023-09-16T07:00:00Z,22.2,32,32.4,41.3,95.7,0.5,1.5
2023-09-16T08:00:00Z,37.9,47.7,29.9,34.7,83.1,0.5,1.8
2023-09-16T09:00:00Z,30.8,40.1,31.3,47.5,104.1,0.6,1.5
2023-09-16T10:00:00Z,26.7,35.1,28.2,47.8,101.4,0.5,1.3
2023-09-16T11:00:00Z,24.4,31.4,27.8,36.5,83.9,0.5,1.1
2023-09-16T12:00:00Z,17.9,25.5,34.8,40.6,97.1,0.5,1.2
2023-09-16T13:00:00Z,13.8,21.2,39.4,34.7,92.5,0.5,1
2023-09-16T14:00:00Z,12.1,17.6,40.7,32.9,91.1,0.5,0.5
2023-09-16T15:00:00Z,11.1,17.9,47.7,33.7,99.4,0.5,0.4
2023-09-16T16:00:00Z,11,17.1,50.5,31.4,98.6,0.5,0.5
2023-09-16T17:00:00Z,10.1,15.5,43.6,30,89.6,0.5,0.4
2023-09-16T18:00:00Z,11.4,17.3,56,39.5,116.8,0.7,0.6
2023-09-16T19:00:00Z,13.6,20.8,44.8,28.8,88.9,0.7,0.9
2023-09-16T20:00:00Z,15.8,22.3,51.4,51.3,130.1,0.7,0.8
2023-09-16T21:00:00Z,16.7,24.4,46.4,44.8,115.2,0.8,1
2023-09-16T22:00:00Z,15.8,22.7,40.8,32.4,90.5,0.7,1.1
2023-09-16T23:00:00Z,17.4,25.2,46.2,53.4,128,0.9,1.2
2023-09-17T00:00:00Z,18.8,27.4,37.4,31.3,85.3,0.6,1
2023-09-17T01:00:00Z,18,24.8,36.2,48.4,110.4,0.8,1
2023-09-17T02:00:00Z,NA,NA,NA,15.7,21.1,NA,0.8
2023-09-17T03:00:00Z,16,20.1,29.2,42.3,94,0.6,0.6
2023-09-17T04:00:00Z,15.1,19.1,20.7,28.3,64.1,0.5,0.5
2023-09-17T05:00:00Z,15.9,20.1,18.9,27.4,60.9,0.4,0.4
2023-09-17T06:00:00Z,15.2,20.8,17.7,34.8,71.1,0.4,0.4
2023-09-17T07:00:00Z,15.9,22.6,19.5,54.6,103.2,0.5,0.5
2023-09-17T08:00:00Z,22.9,32.3,22.9,39.9,84.1,0.5,1.5
2023-09-17T09:00:00Z,20.8,27.4,23.7,34.9,77.2,0.5,1.4
2023-09-17T10:00:00Z,14.8,22.3,29.3,35.8,84.3,0.6,0.8
2023-09-17T11:00:00Z,7.5,11.2,33.2,22,66.9,0.5,0.4
2023-09-17T12:00:00Z,7,11.9,38.7,20.6,70.3,0.4,0.4
2023-09-17T13:00:00Z,5.5,8.8,39.5,21.3,72.2,0.5,0.3
2023-09-17T14:00:00Z,5.8,9.8,38.2,20.6,69.7,0.4,0.3
2023-09-17T15:00:00Z,5.5,8.3,43,23.6,79.1,0.4,0.3
2023-09-17T16:00:00Z,6,9.7,49.9,22.4,84.2,0.5,0.4
2023-09-17T17:00:00Z,6.5,11.6,73.5,40.4,135.5,0.7,0.4
2023-09-17T18:00:00Z,8.2,12.9,76,46.4,147.2,0.7,0.6
2023-09-17T19:00:00Z,12.6,21,82,72.8,193.7,1,1.3
2023-09-17T20:00:00Z,18.5,31,65.7,69.5,172.3,0.8,2.2
2023-09-17T21:00:00Z,17.8,33.3,57,83.3,184.8,0.9,0.9
2023-09-17T22:00:00Z,15,24.8,50.1,45.3,119.5,0.8,1.7
2023-09-17T23:00:00Z,12.4,19.1,40.8,29.7,86.3,0.7,1
2023-09-18T00:00:00Z,12.9,21,36.1,29.4,81.1,0.6,0.8
2023-09-18T01:00:00Z,11.4,18.1,25.2,19.3,54.7,0.5,0.7
2023-09-18T02:00:00Z,11.8,22.9,21.9,29.5,67.1,0.5,0.6
2023-09-18T03:00:00Z,10.8,16.3,19.1,27.4,61.1,0.4,0.5
2023-09-18T04:00:00Z,10.9,16.5,18.8,37.9,77,0.5,0.5
2023-09-18T05:00:00Z,12.5,20.2,23.8,71,132.6,0.5,0.5
2023-09-18T06:00:00Z,14.3,30.3,22.9,87.1,156.4,0.6,0.6
2023-09-18T07:00:00Z,16,35.5,29.6,141.5,246.5,1,1
2023-09-18T08:00:00Z,20.5,44.1,44.9,141,261.2,0.9,1.7
2023-09-18T09:00:00Z,20.3,45.9,54.5,88.7,190.6,0.8,2
2023-09-18T10:00:00Z,20,46.9,56.5,72.8,168.2,0.6,1
2023-09-18T11:00:00Z,17.6,34.8,57.6,53.4,139.6,0.5,0.7
2023-09-18T12:00:00Z,16.6,28.8,59.6,43.7,126.6,0.5,0.5
2023-09-18T13:00:00Z,15.8,30.6,49.8,32.7,99.9,0.5,0.4
2023-09-18T14:00:00Z,14.3,24.7,67.6,45.9,137.8,0.6,0.4
2023-09-18T15:00:00Z,13.1,22.6,56,34.9,109.4,0.5,0.4
2023-09-18T16:00:00Z,10.9,20.4,45.9,24.8,84,0.5,0.3
2023-09-18T17:00:00Z,11.1,19.9,69.6,43.8,136.8,0.6,0.5
2023-09-18T18:00:00Z,13,24.9,93.9,65,193.7,0.8,0.6
2023-09-18T19:00:00Z,16.1,30.5,75.8,62.3,171.2,0.8,0.9
2023-09-18T20:00:00Z,18.4,29.4,76,61.6,170.5,1,1
2023-09-18T21:00:00Z,22.5,38.2,71.1,68.4,176,0.9,1
2023-09-18T22:00:00Z,22.4,38,69.5,91.8,210.2,1,0.9
2023-09-18T23:00:00Z,23.1,36.1,56.1,60.4,148.8,0.8,0.9
2023-09-19T00:00:00Z,23.7,42.8,44.5,23.8,81,0.6,0.6
2023-09-19T01:00:00Z,19.9,26.9,25.6,8.8,39.1,0.4,0.4
2023-09-19T02:00:00Z,20.6,29.1,33.5,12.8,53.1,0.4,0.5
2023-09-19T03:00:00Z,20.1,27.5,20.3,3.8,26.2,0.3,0.3
2023-09-19T04:00:00Z,18.4,24.4,31.4,14.1,53.1,0.4,0.2
2023-09-19T05:00:00Z,19.3,25.3,49.6,50.8,127.5,0.6,0.3
2023-09-19T06:00:00Z,19.2,24.5,41.6,51.7,120.8,0.5,0.4
2023-09-19T07:00:00Z,18.7,24.4,48.2,60.3,140.7,0.7,0.6
2023-09-19T08:00:00Z,18.7,24.3,55.9,66.8,158.4,0.6,0.6
2023-09-19T09:00:00Z,17.3,22.4,55.2,95.1,201.1,0.7,0.5
2023-09-19T10:00:00Z,10.9,13.4,37.6,40.4,99.5,0.5,0.5
2023-09-19T11:00:00Z,8.8,11.2,36.1,47.1,108.3,0.5,0.4
2023-09-19T12:00:00Z,7.6,10.9,35.2,39.2,95.6,0.5,0.4
2023-09-19T13:00:00Z,8.2,11.6,37.4,41.6,101.3,0.5,0.3
2023-09-19T14:00:00Z,9.3,13.6,40.3,47,112.5,0.5,0.4
2023-09-19T15:00:00Z,9.1,15.2,33.6,49.2,109,0.5,0.4
2023-09-19T16:00:00Z,9.3,14.5,33.6,41.7,97.5,0.5,0.4
2023-09-19T17:00:00Z,11.3,23.4,41.6,58.9,131.9,0.6,0.3
2023-09-19T18:00:00Z,13.4,38.1,45.4,77.3,163.9,0.7,0.6
2023-09-19T19:00:00Z,11.7,27.9,44.7,64,142.7,0.7,0.5
2023-09-19T20:00:00Z,9.8,22.6,42.9,71.6,152.6,0.7,0.5
2023-09-19T21:00:00Z,9.8,22.8,45.1,65.6,145.9,0.8,0.7
2023-09-19T22:00:00Z,10.4,22.5,36.4,43.7,103.3,0.6,0.5
2023-09-19T23:00:00Z,11.1,21.1,32,31.3,80,0.5,0.4
2023-09-20T00:00:00Z,8.8,14.8,25.1,32.2,74.4,0.5,0.4
2023-09-20T01:00:00Z,7.8,14.8,19.3,29.4,64.4,0.5,0.4
2023-09-20T02:00:00Z,7.8,13.5,20,31.1,67.7,0.4,0.3
2023-09-20T03:00:00Z,7.9,11.8,20.5,22.8,55.5,0.4,0.3
2023-09-20T04:00:00Z,7.4,13.4,18.2,36.2,73.7,0.4,0.3
2023-09-20T05:00:00Z,8.3,17.5,19.8,70.6,128,0.5,0.3
2023-09-20T06:00:00Z,8.9,17.3,20.4,96.3,168,0.6,0.5
2023-09-20T07:00:00Z,9.1,18.5,23.7,115.3,200.4,0.7,0.6
2023-09-20T08:00:00Z,10.8,28,32.5,108.1,198.3,0.7,0.7
2023-09-20T09:00:00Z,8.8,21.6,44.1,93.8,187.9,0.6,0.5
2023-09-20T10:00:00Z,7.7,21,35.6,51.7,115.1,0.5,0.4
2023-09-20T11:00:00Z,5.8,15.4,27.8,26.5,68.6,0.4,0.3
2023-09-20T12:00:00Z,4.8,12.8,31.8,25,70.1,0.4,0.2
2023-09-20T13:00:00Z,5.1,14.3,40.2,27.6,82.6,0.4,0.2
2023-09-20T14:00:00Z,4.3,12.5,38.9,24.1,75.8,0.4,0.2
2023-09-20T15:00:00Z,5.1,14.9,49.7,30,95.7,0.5,0.3
2023-09-20T16:00:00Z,4.9,12.7,46.9,27,88.3,0.5,0.3
2023-09-20T17:00:00Z,5.2,12.1,65.9,37.9,123.9,0.5,0.3
2023-09-20T18:00:00Z,6.5,15.5,69,74.1,182.7,0.8,0.3
2023-09-20T19:00:00Z,10.7,27.7,88.7,178.1,361.9,1.3,1.4
2023-09-20T20:00:00Z,8.6,22.6,65.2,68.1,169.5,0.9,1
2023-09-20T21:00:00Z,10,27.6,52.9,73.2,165.1,0.9,0.9
2023-09-20T22:00:00Z,10.1,26.5,41,66.8,143.4,0.9,0.8
2023-09-20T23:00:00Z,9,19.9,39.3,47.4,112,0.7,0.8
2023-09-21T00:00:00Z,8.4,17.1,31.8,38.4,90.8,0.7,0.7
2023-09-21T01:00:00Z,9.3,20.8,25.2,36.9,81.8,0.6,0.6
2023-09-21T02:00:00Z,9.4,18.2,23.5,32.2,72.7,0.5,0.6
2023-09-21T03:00:00Z,9.2,17.8,19.3,28.5,63,0.5,0.5
2023-09-21T04:00:00Z,9.9,17.2,19.2,49.3,94.7,0.5,0.5
2023-09-21T05:00:00Z,10.8,20.9,18,60.4,110.6,0.5,0.6
2023-09-21T06:00:00Z,14.4,29.6,36.8,139.6,250.7,0.9,0.9
2023-09-21T07:00:00Z,18.7,40.3,47.3,136.2,256.1,1,3.6
2023-09-21T08:00:00Z,14.7,37.3,47.3,99.1,199.3,0.7,2.9
2023-09-21T09:00:00Z,11.6,28.5,48.6,92.4,190.6,0.7,1.2
2023-09-21T10:00:00Z,9.2,23.4,49.5,66.8,151.9,0.6,0.8
2023-09-21T11:00:00Z,8.2,20.8,45.9,44.8,115,0.5,0.4
2023-09-21T12:00:00Z,7.3,19.6,58.2,42.4,123.1,0.5,0.4
2023-09-21T13:00:00Z,6,17.4,63.8,46.9,135.6,0.5,0.4
2023-09-21T14:00:00Z,5.5,15.7,68.2,50,144.9,0.6,0.5
2023-09-21T15:00:00Z,5.8,17.5,70.2,51.3,149,0.6,0.5
2023-09-21T16:00:00Z,5.4,15,84.2,73.7,197.1,0.7,0.6
2023-09-21T17:00:00Z,6.5,16.5,92.9,97.2,242.1,0.7,0.7
2023-09-21T18:00:00Z,7.9,23.7,83.1,71.8,193.2,0.8,0.7
2023-09-21T19:00:00Z,9.4,19.8,73.2,50.8,150.7,0.6,0.6
2023-09-21T20:00:00Z,8.7,19.1,76.1,59.7,167.5,0.7,0.8
2023-09-21T21:00:00Z,12,31.6,78.4,104.4,238.5,1.1,1.2
2023-09-21T22:00:00Z,11.8,30.8,67.9,60.4,160.6,0.8,1.1
2023-09-21T23:00:00Z,12.7,31.4,61.1,66.2,162.6,0.8,0.8
2023-09-22T00:00:00Z,11.2,23,51,32.7,101.2,0.7,0.9
2023-09-22T01:00:00Z,10.7,20.7,40.1,31.5,88.4,0.6,0.7
2023-09-22T02:00:00Z,NA,NA,NA,9.9,19,NA,0.7
2023-09-22T03:00:00Z,10.2,21.2,36.6,22.8,71.6,0.4,0.6
2023-09-22T04:00:00Z,12.3,25.1,32.5,21.8,66,0.4,0.8
2023-09-22T05:00:00Z,13.1,27.2,46,72.5,157.2,0.6,0.8
2023-09-22T06:00:00Z,15.5,34.2,46.9,82.7,173.7,0.7,1.2
2023-09-22T07:00:00Z,14.7,34,53.3,100.7,207.8,0.8,0.9
2023-09-22T08:00:00Z,19.5,43.1,58.3,86.1,190.1,0.7,1.1
2023-09-22T09:00:00Z,21.1,53.5,63.8,85.7,195.2,0.8,1.2
2023-09-22T10:00:00Z,12.2,27.2,48.4,45,117.4,0.5,0.9
2023-09-22T11:00:00Z,14,58.7,38.2,24.1,75.2,0.4,0.3
2023-09-22T12:00:00Z,8.7,26.8,39.8,23.4,75.8,0.4,0.2
2023-09-22T13:00:00Z,7.6,20.1,51,33.1,101.8,0.4,0.2
2023-09-22T14:00:00Z,7.5,23.4,36.7,24.1,73.7,0.4,0.2
2023-09-22T15:00:00Z,7.6,19.2,33.9,23.8,70.3,0.4,0.2
2023-09-22T16:00:00Z,7.9,19.7,44.5,26.8,85.6,0.4,0.2
2023-09-22T17:00:00Z,10,25.6,66.8,44.4,134.9,0.6,0.4
2023-09-22T18:00:00Z,11.2,25.2,59.4,41.2,122.5,0.6,0.4
2023-09-22T19:00:00Z,14.5,34.7,82.3,58.1,171.3,0.7,0.5
2023-09-22T20:00:00Z,16.9,34.4,83,66.1,184.5,1,0.9
2023-09-22T21:00:00Z,22,36.6,72.9,77.9,192.3,0.9,1.3
2023-09-22T22:00:00Z,23.6,39.4,61.1,64.7,160.2,0.9,0.9
2023-09-22T23:00:00Z,23.5,38.2,57.9,79.2,179.3,0.9,1
2023-09-23T00:00:00Z,22.2,37.9,51.1,75.8,167.3,0.9,1
2023-09-23T01:00:00Z,18.6,31.3,40.1,44.3,107.9,0.7,0.8
2023-09-23T02:00:00Z,9.3,18.6,37.3,13.8,58.5,0.4,0.2
2023-09-23T03:00:00Z,8.7,15.1,30.3,10.3,46.1,0.4,0.1
2023-09-23T04:00:00Z,8.5,14.1,27.4,20.3,58.5,0.4,0.1
2023-09-23T05:00:00Z,15,22.7,24,19.9,54.6,0.4,0.2
2023-09-23T06:00:00Z,15.5,23.4,20.7,24.1,57.7,0.4,0.3
2023-09-23T07:00:00Z,17.8,25.8,25,32.4,74.6,0.4,0.3
2023-09-23T08:00:00Z,18,26.8,25.9,30.6,72.8,0.4,0.2
2023-09-23T09:00:00Z,16.5,23.2,29.4,39,89,0.5,0.3
2023-09-23T10:00:00Z,15.4,20.3,29.8,43.7,96.8,0.6,0.4
2023-09-23T11:00:00Z,5.5,7.7,26.8,36,82,0.5,0.4
2023-09-23T12:00:00Z,3.5,5.1,26.4,28.4,70,0.5,0.3
2023-09-23T13:00:00Z,2.5,4.5,33.5,39.9,94.5,0.5,0.3
2023-09-23T14:00:00Z,2.4,3.9,39,37,95.7,0.5,0.4
2023-09-23T15:00:00Z,3.7,5.2,33,34.4,85.7,0.5,0.4
2023-09-23T16:00:00Z,4,5.5,31.6,34,83.8,0.5,0.4
2023-09-23T17:00:00Z,17.3,19.9,48,40.2,109.6,0.5,0.4
2023-09-23T18:00:00Z,34.7,39.2,47.8,44.5,116.1,0.6,0.5
2023-09-23T19:00:00Z,6.2,10.3,48.5,56.7,135.3,0.7,0.6
2023-09-23T20:00:00Z,7.3,11.7,42.7,47.5,115.5,0.6,0.6
2023-09-23T21:00:00Z,9.6,19.8,38.1,49.2,113.6,0.7,0.6
2023-09-23T22:00:00Z,11.5,22.8,33.7,39.7,94.6,0.6,0.6
2023-09-23T23:00:00Z,13,23.8,29.5,35.2,83.6,0.6,0.6
2023-09-24T00:00:00Z,14.9,23.8,26.7,40.1,88.1,0.6,0.5
2023-09-24T01:00:00Z,13.4,19.7,24,30.4,70.6,0.5,0.4
2023-09-24T02:00:00Z,9.4,13.2,24.3,18.5,52.6,0.5,0.3
2023-09-24T03:00:00Z,6.3,9.4,26.3,17.8,53.6,0.4,0.3
2023-09-24T04:00:00Z,5.3,8.3,23.6,10.2,39.2,0.4,0.2
2023-09-24T05:00:00Z,5.8,9,28.4,18.4,56.7,0.4,0.2
2023-09-24T06:00:00Z,6.1,10.9,23.6,21.6,56.7,0.4,0.2
2023-09-24T07:00:00Z,5.4,9.9,23.5,26.4,63.9,0.4,0.2
2023-09-24T08:00:00Z,5.4,9.2,28.1,22.9,63.2,0.4,0.2
2023-09-24T09:00:00Z,5.5,8.6,31.1,28.3,74.5,0.4,0.2
2023-09-24T10:00:00Z,NA,5.9,8.7,24.2,23.6,60.4,0.4
2023-09-24T11:00:00Z,5.8,8,24.2,27.2,66,0.4,0.2
2023-09-24T12:00:00Z,6.3,9.1,23.7,26.3,64,0.4,0.3
2023-09-24T13:00:00Z,6.6,8.7,38.3,31.8,87,0.5,0.3
2023-09-24T14:00:00Z,6.5,9.4,43.6,46.4,114.7,0.6,0.5
2023-09-24T15:00:00Z,7.6,13.9,51.1,53.3,132.8,0.7,0.5
2023-09-24T16:00:00Z,7.4,11.2,50.9,53.6,133.2,0.7,0.5
2023-09-24T17:00:00Z,8,12,50.2,54.1,133.1,0.7,0.6
2023-09-24T18:00:00Z,7.4,12,52.8,52.2,132.8,0.7,0.7
2023-09-24T19:00:00Z,8.1,15.8,58.4,74.6,172.8,0.9,0.7
2023-09-24T20:00:00Z,8.7,17.6,48.5,59.5,139.7,0.7,0.7
2023-09-24T21:00:00Z,7.5,13.4,39.6,35.6,94.1,0.6,0.5
2023-09-24T22:00:00Z,7.1,10.6,38.9,33.8,90.8,0.6,0.5
2023-09-24T23:00:00Z,7.3,11.3,41.7,35.5,96.2,0.6,0.3
2023-09-25T00:00:00Z,7.6,11.6,28.2,12.5,47.3,0.4,0.3
2023-09-25T01:00:00Z,7.8,13.5,25.5,11.5,43.1,0.4,0.3
2023-09-25T02:00:00Z,8.2,14.2,16,7.7,27.8,0.3,0.2
2023-09-25T03:00:00Z,9,15,15.2,6.8,25.6,0.3,0.2
2023-09-25T04:00:00Z,10,15.6,17,12.8,36.6,0.4,0.1
2023-09-25T05:00:00Z,12.1,21.8,31.9,30.8,79.1,0.4,0.2
2023-09-25T06:00:00Z,13.7,23.7,36.1,44.7,104.8,0.5,0.3
2023-09-25T07:00:00Z,17.9,29.2,39.7,56.2,125.9,0.6,0.5
2023-09-25T08:00:00Z,20,31.7,39.5,58.7,129.6,0.6,0.9
2023-09-25T09:00:00Z,14.8,24.9,37.5,62,132.5,0.6,0.5
2023-09-25T10:00:00Z,17.9,26.8,36.6,58.2,125.8,0.5,0.6
2023-09-25T11:00:00Z,19.8,30.8,37.9,62.1,133.1,0.5,0.9
2023-09-25T12:00:00Z,16.3,31.2,39,65.5,139.4,0.5,0.6
2023-09-25T13:00:00Z,15.3,25.7,45.1,60.6,138,0.7,0.8
2023-09-25T14:00:00Z,14.5,24.4,42.6,58.7,132.6,0.6,0.8
2023-09-25T15:00:00Z,13.9,26.3,41.7,45.4,111.3,0.6,0.7
2023-09-25T16:00:00Z,14.8,27.6,46.2,58.3,135.6,0.6,0.6
2023-09-25T17:00:00Z,15.4,25.8,50.2,60.1,142.3,0.6,0.8
2023-09-25T18:00:00Z,16.6,27.6,45.9,46.1,116.7,0.7,1
2023-09-25T19:00:00Z,16,26.1,41.1,43,107,0.6,0.6
2023-09-25T20:00:00Z,17.1,28.1,40.9,47.7,114,0.6,0.6
2023-09-25T21:00:00Z,20.5,32.9,31.5,31.2,79.3,0.6,0.7
2023-09-25T22:00:00Z,19.2,29.9,25.9,25.2,64.6,0.5,0.6
2023-09-25T23:00:00Z,18.4,27.8,21.6,19,50.8,0.4,0.4
2023-09-26T00:00:00Z,19.3,28.5,19,9.3,33.3,0.4,0.5
2023-09-26T01:00:00Z,18,25.3,12.5,7.5,24,0.4,0.7
2023-09-26T02:00:00Z,19.8,28.5,10.4,6.1,19.6,0.3,0.2
2023-09-26T03:00:00Z,20.8,30.7,12,6,21.3,0.3,0.2
2023-09-26T04:00:00Z,18.1,25.9,15.9,13.1,36,0.4,0.2
2023-09-26T05:00:00Z,16,26.3,34.2,78.7,154.8,0.6,0.3
2023-09-26T06:00:00Z,15.9,30,41.6,170,302.3,1,0.7
2023-09-26T07:00:00Z,21.9,41.2,36.6,158.2,279,1,1.7
2023-09-26T08:00:00Z,20.6,30.8,25.8,60,117.8,0.5,0.8
2023-09-26T09:00:00Z,18.2,34.6,31.1,74.5,145.3,0.6,0.5
2023-09-26T10:00:00Z,15.5,30.2,31.5,54.7,115.3,0.5,0.4
2023-09-26T11:00:00Z,15.1,27.9,34.5,50.9,112.8,0.5,0.5
2023-09-26T12:00:00Z,16.4,32.5,39,49.1,114.2,0.6,0.6
2023-09-26T13:00:00Z,15.4,30.3,43.9,44.4,112,0.6,0.7
2023-09-26T14:00:00Z,15.3,30.2,43.1,40.4,105.2,0.6,0.5
2023-09-26T15:00:00Z,19.9,37.7,66,67.2,169.1,0.8,0.9
2023-09-26T16:00:00Z,19.6,36.5,69,64.2,167.5,0.9,1.1
2023-09-26T17:00:00Z,21.9,40.5,76.5,72.8,188.1,0.8,0.8
2023-09-26T18:00:00Z,22.1,42,83.8,82.8,210.8,0.9,0.8
2023-09-26T19:00:00Z,25,48.1,83.4,107.7,248.6,1.2,1
2023-09-26T20:00:00Z,26,48.7,62.8,45.6,132.7,0.8,1.3
2023-09-26T21:00:00Z,29.6,51.9,57,46,127.5,0.8,1.1
2023-09-26T22:00:00Z,32.8,53.8,55.5,94.8,200.7,1.2,1.5
2023-09-26T23:00:00Z,29.4,45.6,42.9,65.3,143.2,0.9,1.5
2023-09-27T00:00:00Z,24.8,34.3,31.1,53.3,112.9,0.7,1
2023-09-27T01:00:00Z,25.1,33,26.4,39.7,87.4,0.7,0.8
2023-09-27T02:00:00Z,NA,NA,NA,26.4,32.4,NA,0.8
2023-09-27T03:00:00Z,28,35.3,30.4,27.8,73.1,0.5,0.6
2023-09-27T04:00:00Z,24.3,27.4,25.2,34.3,77.8,0.5,0.5
2023-09-27T05:00:00Z,24.7,28.7,28.7,48.3,102.8,0.6,0.9
2023-09-27T06:00:00Z,23.1,28.6,32,61.2,125.9,0.7,0.8
2023-09-27T07:00:00Z,18.5,22.4,27.8,50.2,104.7,0.6,0.8
2023-09-27T08:00:00Z,20.6,31.5,32.1,81.9,157.6,0.7,1
2023-09-27T09:00:00Z,23.8,46.5,34.6,122.5,222,0.9,1.2
2023-09-27T10:00:00Z,26.5,53,47,82.9,174.2,0.8,1
2023-09-27T11:00:00Z,22.2,47.4,56.8,59.8,148.5,0.6,0.8
2023-09-27T12:00:00Z,18.8,49.1,75.3,66.4,177.1,0.7,0.6
2023-09-27T13:00:00Z,21.1,58.2,74.2,51,152.5,0.6,1.3
2023-09-27T14:00:00Z,18,46.7,70.6,41.8,134.5,0.6,1
2023-09-27T15:00:00Z,17.5,41.6,71.6,38.9,131.3,0.6,0.8
2023-09-27T16:00:00Z,16.5,37.1,71.5,36.8,128,0.6,0.7
2023-09-27T17:00:00Z,16.7,36.5,76.1,38.3,134.9,0.6,0.6
2023-09-27T18:00:00Z,21.3,42.2,92.4,69.9,199.6,0.9,0.9
2023-09-27T19:00:00Z,24,47.9,97.3,84.7,227.1,1,1.2
2023-09-27T20:00:00Z,25.8,50.4,83.1,90.9,222.3,1.1,1.5
2023-09-27T21:00:00Z,26,51.2,65.1,85.6,196.3,1,1.3
2023-09-27T22:00:00Z,24.2,44.2,52.7,72.7,164.2,0.9,1.1
2023-09-27T23:00:00Z,23.6,39.3,41.1,48.2,115.1,0.8,1
2023-09-28T00:00:00Z,23,34.3,35.9,45.3,105.4,0.8,0.9
2023-09-28T01:00:00Z,21.4,30.4,29.7,52.1,109.6,0.7,0.9
2023-09-28T02:00:00Z,20.7,29.5,24.5,44.1,92.2,0.6,0.7
2023-09-28T03:00:00Z,19.5,27.5,24.1,35.2,78.1,0.5,0.7
2023-09-28T04:00:00Z,21,31.1,21.6,53.3,103.4,0.6,0.6
2023-09-28T05:00:00Z,20.5,30,21,56.4,107.5,0.6,0.7
2023-09-28T06:00:00Z,20.7,32.4,24.3,98.2,174.8,0.7,0.7
2023-09-28T07:00:00Z,23.9,47.2,26.1,123.1,214.8,0.9,1
2023-09-28T08:00:00Z,32.7,61,39.9,150.3,270.3,0.9,1.2
2023-09-28T09:00:00Z,34.6,65.2,36.9,82.2,162.9,0.7,1.5
2023-09-28T10:00:00Z,24.4,48.1,50,60.2,142.3,0.6,1.4
2023-09-28T11:00:00Z,25.8,61.5,59.5,66.1,160.7,0.7,1
2023-09-28T12:00:00Z,20.9,54.8,63.8,71.3,173.1,0.6,0.9
2023-09-28T13:00:00Z,17.4,35,66.6,55,150.9,0.7,0.5
2023-09-28T14:00:00Z,14.6,31.4,70.9,45.7,141,0.7,0.7
2023-09-28T15:00:00Z,15,31.3,84.5,58.8,174.8,0.7,0.7
2023-09-28T16:00:00Z,16.2,43.2,88.4,54.1,171.6,0.6,0.7
2023-09-28T17:00:00Z,15.2,34.3,101.3,76,217.9,0.9,0.8
2023-09-28T18:00:00Z,18,43.3,106.6,149.5,335.1,1,0.9
2023-09-28T19:00:00Z,21.6,53.5,89.2,121.3,275,1.1,1.4
2023-09-28T20:00:00Z,28.4,59.2,76.9,112.2,249,1.2,1.4
2023-09-28T21:00:00Z,26.2,53.1,63.4,93,206.1,1.1,1.4
2023-09-28T22:00:00Z,23.8,46.5,51.8,92.8,194.1,1,1
2023-09-28T23:00:00Z,22.8,38.3,44.7,66.3,146.4,0.8,1
2023-09-29T00:00:00Z,23.1,36.7,40.9,91.2,180.7,0.9,0.9
2023-09-29T01:00:00Z,23.6,37.8,34.3,41.1,97.4,0.7,0.9
2023-09-29T02:00:00Z,23.8,37.2,27.3,27.4,69.4,0.5,0.6
2023-09-29T03:00:00Z,22.5,33.5,26.6,46.6,97.9,0.6,0.6
2023-09-29T04:00:00Z,22.4,35.5,20.1,37.7,77.9,0.5,0.6
2023-09-29T05:00:00Z,19.3,28.7,22.4,87.8,157,0.6,0.6
2023-09-29T06:00:00Z,20.6,31.7,22.3,124.9,213.8,0.7,0.7
2023-09-29T07:00:00Z,23.9,42.1,22.5,122.3,209.9,0.8,1.1
2023-09-29T08:00:00Z,26.1,46.2,27.1,141.4,243.8,1,1.2
2023-09-29T09:00:00Z,24.6,49.7,42.6,116.5,221.3,0.8,1.2
2023-09-29T10:00:00Z,21.5,46.6,60.2,80.9,184.5,0.7,0.9
2023-09-29T11:00:00Z,19.7,44.6,67.4,59.5,158.7,0.7,0.7
2023-09-29T12:00:00Z,16.1,40.1,50.4,34.5,103.2,0.5,0.5
2023-09-29T13:00:00Z,14.4,29.2,72.1,52.8,153.1,0.5,0.4
2023-09-29T14:00:00Z,13.6,28,54.5,31.2,102.3,0.5,0.4
2023-09-29T15:00:00Z,13.9,30.7,75.2,39.8,136.4,0.5,0.4
2023-09-29T16:00:00Z,13.8,29.4,74.7,42.2,139.3,0.5,0.4
2023-09-29T17:00:00Z,14.4,28.4,96.8,70.3,204.7,0.8,0.5
2023-09-29T18:00:00Z,19.4,42.4,120.6,253.7,509.5,1.5,1
2023-09-29T19:00:00Z,20.2,43,90.2,135.2,297.5,1.1,1.6
2023-09-29T20:00:00Z,21.2,40.2,71.3,87.6,205.6,1,1.2
2023-09-29T21:00:00Z,22.7,39.2,66,79.8,188.4,1,1.2
2023-09-29T22:00:00Z,24.3,40.9,59.8,83.9,188.4,1,1
2023-09-29T23:00:00Z,25.2,39.7,39.4,69,145.1,0.9,1
2023-09-30T00:00:00Z,27.3,41.1,34.6,62.4,130.3,0.8,0.9
2023-09-30T01:00:00Z,26.8,39.3,28.7,63.7,126.4,0.8,0.9
2023-09-30T02:00:00Z,27.6,40.7,24.9,63.2,121.8,0.8,0.9
2023-09-30T03:00:00Z,26.9,40.1,24,60.4,116.6,0.7,0.9
2023-09-30T04:00:00Z,25.7,38.3,23.2,52.9,104.2,0.6,0.8
2023-09-30T05:00:00Z,24.9,37.2,25.8,49.5,101.8,0.6,0.6
2023-09-30T06:00:00Z,23.8,34.9,29.1,61.2,123,0.6,0.6
2023-09-30T07:00:00Z,21.5,34.3,34.1,72.6,145.4,0.6,0.6
2023-09-30T08:00:00Z,20.7,31.7,39.5,61.1,133.3,0.6,0.7
2023-09-30T09:00:00Z,23,31.2,35.6,54.1,118.6,0.7,0.7
2023-09-30T10:00:00Z,23.1,32.2,37.4,51.3,115.9,0.7,0.7
2023-09-30T11:00:00Z,22.4,33.1,38.6,45.6,108.5,0.7,0.7
2023-09-30T12:00:00Z,20.8,27.9,41.6,43.4,108,0.8,0.7
2023-09-30T13:00:00Z,14,18.7,45.1,66,146.3,0.9,0.8
2023-09-30T14:00:00Z,8.8,11.5,43.8,71,152.7,0.8,0.8
2023-09-30T15:00:00Z,9.7,11.8,38.5,62.3,134,0.7,0.8
2023-09-30T16:00:00Z,7.8,10.4,28.7,37.7,86.5,0.5,0.6
2023-09-30T17:00:00Z,9.7,13.6,40.7,62.2,135.9,0.7,0.5
2023-09-30T18:00:00Z,15.9,21.2,39.7,82.5,166.3,0.8,0.6
2023-09-30T19:00:00Z,14.4,20.8,51.1,119.7,234.6,1,0.8
2023-09-30T20:00:00Z,14.2,24.8,47.8,123.9,237.9,1.1,1
2023-09-30T21:00:00Z,15.5,29.3,39.3,79.7,161.5,0.8,0.7
2023-09-30T22:00:00Z,13.8,25.5,32.2,56.5,118.8,0.6,0.7
2023-09-30T23:00:00Z,14.5,25.3,32.1,51.4,110.8,0.6,0.6
2023-10-01T00:00:00Z,NA,NA,NA,NA,NA,NA,NA
